price,area,bedrooms,bathrooms,stories,mainroad,guestroom,basement,hotwaterheating,airconditioning,parking,prefarea,furnishingstatus,fake_address,fake_zip_code
13300000,7420,4,2,3,yes,no,no,no,yes,2,yes,furnished,1562 Macleod Tr SE,T2E 156
12250000,8960,4,4,4,yes,no,no,no,yes,3,no,furnished,1075 Elbow Dr SW,T3E 386
12250000,9960,3,2,2,yes,no,yes,no,no,2,yes,semi-furnished,1864 Crowchild Tr SW,T2S 757
12215000,7500,4,2,2,yes,no,yes,no,yes,3,yes,furnished,1936 Macleod Tr SE,T2E 692
11410000,7420,4,1,2,yes,yes,yes,no,yes,2,no,furnished,1936 Macleod Tr SE,T2L 685
10850000,7500,3,3,1,yes,no,yes,no,yes,2,yes,semi-furnished,1005 Northmount Dr NW,T2G 480
10150000,8580,4,3,4,yes,no,no,no,yes,2,yes,semi-furnished,1904 Northmount Dr NW,T2G 187
10150000,16200,5,3,2,yes,no,no,no,no,0,no,unfurnished,1965 Elbow Dr SW,T2G 156
9870000,8100,4,1,2,yes,yes,yes,no,yes,2,yes,furnished,1122 Centre St N,T2G 537
9800000,5750,3,2,4,yes,yes,no,no,yes,1,yes,unfurnished,1720 Elbow Dr SW,T2G 286
9800000,13200,3,1,2,yes,no,yes,no,yes,2,yes,furnished,1387 Macleod Tr SE,T2S 672
9681000,6000,4,3,2,yes,yes,yes,yes,no,2,no,semi-furnished,1394 Macleod Tr SE,T2G 968
9310000,6550,4,2,2,yes,no,no,no,yes,1,yes,semi-furnished,1932 Northmount Dr NW,T2S 097
9240000,3500,4,2,2,yes,no,no,yes,no,2,no,furnished,1914 Macleod Tr SE,T2G 668
9240000,7800,3,2,2,yes,no,no,no,no,0,yes,semi-furnished,1281 Crowchild Tr SW,T2S 488
9100000,6000,4,1,2,yes,no,yes,no,no,2,no,semi-furnished,1985 Northmount Dr NW,T2L 969
9100000,6600,4,2,2,yes,yes,yes,no,yes,1,yes,unfurnished,1607 Centre St N,T2E 213
8960000,8500,3,2,4,yes,no,no,no,yes,2,no,furnished,1764 Centre St N,T2E 010
8890000,4600,3,2,2,yes,yes,no,no,yes,2,no,furnished,1719 Crowchild Tr SW,T2E 060
8855000,6420,3,2,2,yes,no,no,no,yes,1,yes,semi-furnished,1623 Centre St N,T3E 271
8750000,4320,3,1,2,yes,no,yes,yes,no,2,no,semi-furnished,1656 Macleod Tr SE,T2E 346
8680000,7155,3,2,1,yes,yes,yes,no,yes,2,no,unfurnished,1961 Crowchild Tr SW,T2G 989
8645000,8050,3,1,1,yes,yes,yes,no,yes,1,no,furnished,1822 Elbow Dr SW,T3E 757
8645000,4560,3,2,2,yes,yes,yes,no,yes,1,no,furnished,1630 Macleod Tr SE,T2S 734
8575000,8800,3,2,2,yes,no,no,no,yes,2,no,furnished,1011 Northmount Dr NW,T2S 473
8540000,6540,4,2,2,yes,yes,yes,no,yes,2,yes,furnished,1893 Centre St N,T2G 038
8463000,6000,3,2,4,yes,yes,yes,no,yes,0,yes,semi-furnished,1311 Northmount Dr NW,T2L 324
8400000,8875,3,1,1,yes,no,no,no,no,1,no,semi-furnished,1492 Elbow Dr SW,T2S 840
8400000,7950,5,2,2,yes,no,yes,yes,no,2,no,unfurnished,1648 Centre St N,T2S 602
8400000,5500,4,2,2,yes,no,yes,no,yes,1,yes,semi-furnished,1867 Centre St N,T2L 925
8400000,7475,3,2,4,yes,no,no,no,yes,2,no,unfurnished,1212 Northmount Dr NW,T3E 335
8400000,7000,3,1,4,yes,no,no,no,yes,2,no,semi-furnished,1136 Elbow Dr SW,T2L 684
8295000,4880,4,2,2,yes,no,no,no,yes,1,yes,furnished,1026 Crowchild Tr SW,T2L 068
8190000,5960,3,3,2,yes,yes,yes,no,no,1,no,unfurnished,1009 Crowchild Tr SW,T3E 901
8120000,6840,5,1,2,yes,yes,yes,no,yes,1,no,furnished,1858 Macleod Tr SE,T3E 746
8080940,7000,3,2,4,yes,no,no,no,yes,2,no,furnished,1806 Elbow Dr SW,T2S 444
8043000,7482,3,2,3,yes,no,no,yes,no,1,yes,furnished,1905 Elbow Dr SW,T2L 148
7980000,9000,4,2,4,yes,no,no,no,yes,2,no,furnished,1577 Macleod Tr SE,T3E 608
7962500,6000,3,1,4,yes,yes,no,no,yes,2,no,unfurnished,1048 Northmount Dr NW,T3E 297
7910000,6000,4,2,4,yes,no,no,no,yes,1,no,semi-furnished,1377 Northmount Dr NW,T2E 310
7875000,6550,3,1,2,yes,no,yes,no,yes,0,yes,furnished,1596 Northmount Dr NW,T2E 302
7840000,6360,3,2,4,yes,no,no,no,yes,0,yes,furnished,1353 Crowchild Tr SW,T2S 685
7700000,6480,3,2,4,yes,no,no,no,yes,2,no,unfurnished,1361 Elbow Dr SW,T2S 428
7700000,6000,4,2,4,yes,no,no,no,no,2,no,semi-furnished,1139 Macleod Tr SE,T2E 107
7560000,6000,4,2,4,yes,no,no,no,yes,1,no,furnished,1498 Macleod Tr SE,T2G 846
7560000,6000,3,2,3,yes,no,no,no,yes,0,no,semi-furnished,1157 Centre St N,T2G 618
7525000,6000,3,2,4,yes,no,no,no,yes,1,no,furnished,1913 Crowchild Tr SW,T2S 650
7490000,6600,3,1,4,yes,no,no,no,yes,3,yes,furnished,1553 Macleod Tr SE,T2L 374
7455000,4300,3,2,2,yes,no,yes,no,no,1,no,unfurnished,1715 Crowchild Tr SW,T2S 392
7420000,7440,3,2,1,yes,yes,yes,no,yes,0,yes,semi-furnished,1225 Centre St N,T3E 417
7420000,7440,3,2,4,yes,no,no,no,no,1,yes,unfurnished,1792 Macleod Tr SE,T3E 366
7420000,6325,3,1,4,yes,no,no,no,yes,1,no,unfurnished,1326 Crowchild Tr SW,T2L 921
7350000,6000,4,2,4,yes,yes,no,no,yes,1,no,furnished,1766 Crowchild Tr SW,T2E 874
7350000,5150,3,2,4,yes,no,no,no,yes,2,no,semi-furnished,1230 Crowchild Tr SW,T2L 487
7350000,6000,3,2,2,yes,yes,no,no,yes,1,no,semi-furnished,1335 Elbow Dr SW,T2E 122
7350000,6000,3,1,2,yes,no,no,no,yes,1,no,unfurnished,1751 Northmount Dr NW,T3E 861
7343000,11440,4,1,2,yes,no,yes,no,no,1,yes,semi-furnished,1006 Crowchild Tr SW,T2L 310
7245000,9000,4,2,4,yes,yes,no,no,yes,1,yes,furnished,1035 Crowchild Tr SW,T3E 927
7210000,7680,4,2,4,yes,yes,no,no,yes,1,no,semi-furnished,1183 Crowchild Tr SW,T2S 805
7210000,6000,3,2,4,yes,yes,no,no,yes,1,no,furnished,1968 Centre St N,T2E 911
7140000,6000,3,2,2,yes,yes,no,no,no,1,no,semi-furnished,1553 Crowchild Tr SW,T3E 473
7070000,8880,2,1,1,yes,no,no,no,yes,1,no,semi-furnished,1596 Northmount Dr NW,T2G 025
7070000,6240,4,2,2,yes,no,no,no,yes,1,no,furnished,1868 Elbow Dr SW,T2G 792
7035000,6360,4,2,3,yes,no,no,no,yes,2,yes,furnished,1932 Elbow Dr SW,T2E 676
7000000,11175,3,1,1,yes,no,yes,no,yes,1,yes,furnished,1209 Northmount Dr NW,T3E 394
6930000,8880,3,2,2,yes,no,yes,no,yes,1,no,furnished,1533 Centre St N,T2S 074
6930000,13200,2,1,1,yes,no,yes,yes,no,1,no,furnished,1563 Northmount Dr NW,T2L 052
6895000,7700,3,2,1,yes,no,no,no,no,2,no,unfurnished,1253 Elbow Dr SW,T3E 325
6860000,6000,3,1,1,yes,no,no,no,yes,1,no,furnished,1174 Centre St N,T3E 702
6790000,12090,4,2,2,yes,no,no,no,no,2,yes,furnished,1976 Elbow Dr SW,T3E 231
6790000,4000,3,2,2,yes,no,yes,no,yes,0,yes,semi-furnished,1571 Crowchild Tr SW,T2E 255
6755000,6000,4,2,4,yes,no,no,no,yes,0,no,unfurnished,1152 Macleod Tr SE,T2L 427
6720000,5020,3,1,4,yes,no,no,no,yes,0,yes,unfurnished,1945 Centre St N,T2L 291
6685000,6600,2,2,4,yes,no,yes,no,no,0,yes,furnished,1851 Centre St N,T2G 066
6650000,4040,3,1,2,yes,no,yes,yes,no,1,no,furnished,1382 Northmount Dr NW,T3E 936
6650000,4260,4,2,2,yes,no,no,yes,no,0,no,semi-furnished,1017 Macleod Tr SE,T3E 119
6650000,6420,3,2,3,yes,no,no,no,yes,0,yes,furnished,1867 Elbow Dr SW,T2E 340
6650000,6500,3,2,3,yes,no,no,no,yes,0,yes,furnished,1174 Northmount Dr NW,T3E 236
6650000,5700,3,1,1,yes,yes,yes,no,yes,2,yes,furnished,1875 Macleod Tr SE,T2L 099
6650000,6000,3,2,3,yes,yes,no,no,yes,0,no,furnished,1189 Elbow Dr SW,T3E 641
6629000,6000,3,1,2,yes,no,no,yes,no,1,yes,semi-furnished,1719 Northmount Dr NW,T2S 912
6615000,4000,3,2,2,yes,no,yes,no,yes,1,no,semi-furnished,1843 Centre St N,T2G 861
6615000,10500,3,2,1,yes,no,yes,no,yes,1,yes,furnished,1388 Crowchild Tr SW,T3E 373
6580000,6000,3,2,4,yes,no,no,no,yes,0,no,semi-furnished,1248 Centre St N,T2G 333
6510000,3760,3,1,2,yes,no,no,yes,no,2,no,semi-furnished,1080 Northmount Dr NW,T3E 270
6510000,8250,3,2,3,yes,no,no,no,yes,0,no,furnished,1801 Macleod Tr SE,T2E 287
6510000,6670,3,1,3,yes,no,yes,no,no,0,yes,unfurnished,1662 Crowchild Tr SW,T2L 773
6475000,3960,3,1,1,yes,no,yes,no,no,2,no,semi-furnished,1710 Northmount Dr NW,T2S 999
6475000,7410,3,1,1,yes,yes,yes,no,yes,2,yes,unfurnished,1073 Northmount Dr NW,T2L 806
6440000,8580,5,3,2,yes,no,no,no,no,2,no,furnished,1125 Centre St N,T2S 694
6440000,5000,3,1,2,yes,no,no,no,yes,0,no,semi-furnished,1524 Crowchild Tr SW,T2S 570
6419000,6750,2,1,1,yes,yes,yes,no,no,2,yes,furnished,1046 Northmount Dr NW,T3E 010
6405000,4800,3,2,4,yes,yes,no,no,yes,0,no,furnished,1883 Elbow Dr SW,T2G 379
6300000,7200,3,2,1,yes,no,yes,no,yes,3,no,semi-furnished,1105 Macleod Tr SE,T2G 874
6300000,6000,4,2,4,yes,no,no,no,no,1,no,semi-furnished,1106 Macleod Tr SE,T2G 824
6300000,4100,3,2,3,yes,no,no,no,yes,2,no,semi-furnished,1238 Macleod Tr SE,T2L 994
6300000,9000,3,1,1,yes,no,yes,no,no,1,yes,furnished,1414 Macleod Tr SE,T2G 314
6300000,6400,3,1,1,yes,yes,yes,no,yes,1,yes,semi-furnished,1312 Crowchild Tr SW,T3E 570
6293000,6600,3,2,3,yes,no,no,no,yes,0,yes,unfurnished,1061 Macleod Tr SE,T2L 555
6265000,6000,4,1,3,yes,yes,yes,no,no,0,yes,unfurnished,1426 Northmount Dr NW,T2E 677
6230000,6600,3,2,1,yes,no,yes,no,yes,0,yes,unfurnished,1803 Elbow Dr SW,T2E 024
6230000,5500,3,1,3,yes,no,no,no,no,1,yes,unfurnished,1767 Macleod Tr SE,T2S 102
6195000,5500,3,2,4,yes,yes,no,no,yes,1,no,semi-furnished,1210 Crowchild Tr SW,T2G 017
6195000,6350,3,2,3,yes,yes,no,no,yes,0,no,furnished,1415 Elbow Dr SW,T2E 426
6195000,5500,3,2,1,yes,yes,yes,no,no,2,yes,furnished,1823 Macleod Tr SE,T2G 666
6160000,4500,3,1,4,yes,no,no,no,yes,0,no,unfurnished,1631 Macleod Tr SE,T3E 256
6160000,5450,4,2,1,yes,no,yes,no,yes,0,yes,semi-furnished,1705 Crowchild Tr SW,T3E 631
6125000,6420,3,1,3,yes,no,yes,no,no,0,yes,unfurnished,1726 Crowchild Tr SW,T3E 276
6107500,3240,4,1,3,yes,no,no,no,no,1,no,semi-furnished,1025 Elbow Dr SW,T2L 498
6090000,6615,4,2,2,yes,yes,no,yes,no,1,no,semi-furnished,1673 Macleod Tr SE,T2E 240
6090000,6600,3,1,1,yes,yes,yes,no,no,2,yes,semi-furnished,1054 Crowchild Tr SW,T2S 305
6090000,8372,3,1,3,yes,no,no,no,yes,2,no,unfurnished,1846 Macleod Tr SE,T3E 818
6083000,4300,6,2,2,yes,no,no,no,no,0,no,furnished,1473 Crowchild Tr SW,T3E 519
6083000,9620,3,1,1,yes,no,yes,no,no,2,yes,furnished,1888 Macleod Tr SE,T2L 849
6020000,6800,2,1,1,yes,yes,yes,no,no,2,no,furnished,1105 Crowchild Tr SW,T2G 609
6020000,8000,3,1,1,yes,yes,yes,no,yes,2,yes,semi-furnished,1599 Centre St N,T3E 838
6020000,6900,3,2,1,yes,yes,yes,no,no,0,yes,unfurnished,1780 Centre St N,T2E 878
5950000,3700,4,1,2,yes,yes,no,no,yes,0,no,furnished,1438 Crowchild Tr SW,T3E 775
5950000,6420,3,1,1,yes,no,yes,no,yes,0,yes,furnished,1111 Crowchild Tr SW,T2G 930
5950000,7020,3,1,1,yes,no,yes,no,yes,2,yes,semi-furnished,1051 Crowchild Tr SW,T2G 080
5950000,6540,3,1,1,yes,yes,yes,no,no,2,yes,furnished,1985 Crowchild Tr SW,T2S 710
5950000,7231,3,1,2,yes,yes,yes,no,yes,0,yes,semi-furnished,1861 Crowchild Tr SW,T2S 661
5950000,6254,4,2,1,yes,no,yes,no,no,1,yes,semi-furnished,1367 Elbow Dr SW,T2G 653
5950000,7320,4,2,2,yes,no,no,no,no,0,no,furnished,1961 Centre St N,T3E 010
5950000,6525,3,2,4,yes,no,no,no,no,1,no,furnished,1541 Macleod Tr SE,T3E 606
5943000,15600,3,1,1,yes,no,no,no,yes,2,no,semi-furnished,1720 Macleod Tr SE,T2S 364
5880000,7160,3,1,1,yes,no,yes,no,no,2,yes,unfurnished,1557 Centre St N,T2S 601
5880000,6500,3,2,3,yes,no,no,no,yes,0,no,unfurnished,1909 Centre St N,T2E 701
5873000,5500,3,1,3,yes,yes,no,no,yes,1,no,furnished,1603 Elbow Dr SW,T2E 269
5873000,11460,3,1,3,yes,no,no,no,no,2,yes,semi-furnished,1849 Crowchild Tr SW,T2G 792
5866000,4800,3,1,1,yes,yes,yes,no,no,0,no,unfurnished,1381 Northmount Dr NW,T2S 738
5810000,5828,4,1,4,yes,yes,no,no,no,0,no,semi-furnished,1442 Macleod Tr SE,T2S 505
5810000,5200,3,1,3,yes,no,no,no,yes,0,no,semi-furnished,1378 Centre St N,T2L 081
5810000,4800,3,1,3,yes,no,no,no,yes,0,no,unfurnished,1204 Centre St N,T2G 270
5803000,7000,3,1,1,yes,no,yes,no,no,2,yes,semi-furnished,1216 Macleod Tr SE,T2L 562
5775000,6000,3,2,4,yes,no,no,no,yes,0,no,unfurnished,1910 Centre St N,T2L 587
5740000,5400,4,2,2,yes,no,no,no,yes,2,no,unfurnished,1426 Northmount Dr NW,T2S 445
5740000,4640,4,1,2,yes,no,no,no,no,1,no,semi-furnished,1848 Crowchild Tr SW,T2L 065
5740000,5000,3,1,3,yes,no,no,no,yes,0,no,semi-furnished,1006 Centre St N,T2S 662
5740000,6360,3,1,1,yes,yes,yes,no,yes,2,yes,furnished,1513 Elbow Dr SW,T2S 355
5740000,5800,3,2,4,yes,no,no,no,yes,0,no,unfurnished,1716 Crowchild Tr SW,T3E 902
5652500,6660,4,2,2,yes,yes,yes,no,no,1,yes,semi-furnished,1974 Elbow Dr SW,T3E 110
5600000,10500,4,2,2,yes,no,no,no,no,1,no,semi-furnished,1995 Elbow Dr SW,T2G 973
5600000,4800,5,2,3,no,no,yes,yes,no,0,no,unfurnished,1485 Centre St N,T2S 486
5600000,4700,4,1,2,yes,yes,yes,no,yes,1,no,furnished,1911 Crowchild Tr SW,T2L 142
5600000,5000,3,1,4,yes,no,no,no,no,0,no,furnished,1513 Elbow Dr SW,T3E 114
5600000,10500,2,1,1,yes,no,no,no,no,1,no,semi-furnished,1582 Northmount Dr NW,T3E 727
5600000,5500,3,2,2,yes,no,no,no,no,1,no,semi-furnished,1095 Macleod Tr SE,T2S 052
5600000,6360,3,1,3,yes,no,no,no,no,0,yes,semi-furnished,1230 Crowchild Tr SW,T2G 782
5600000,6600,4,2,1,yes,no,yes,no,no,0,yes,semi-furnished,1101 Northmount Dr NW,T2S 168
5600000,5136,3,1,2,yes,yes,yes,no,yes,0,yes,unfurnished,1943 Centre St N,T2E 426
5565000,4400,4,1,2,yes,no,no,no,yes,2,yes,semi-furnished,1118 Crowchild Tr SW,T3E 490
5565000,5400,5,1,2,yes,yes,yes,no,yes,0,yes,furnished,1119 Crowchild Tr SW,T3E 975
5530000,3300,3,3,2,yes,no,yes,no,no,0,no,semi-furnished,1738 Northmount Dr NW,T3E 409
5530000,3650,3,2,2,yes,no,no,no,no,2,no,semi-furnished,1445 Northmount Dr NW,T3E 559
5530000,6100,3,2,1,yes,no,yes,no,no,2,yes,furnished,1387 Macleod Tr SE,T2E 933
5523000,6900,3,1,1,yes,yes,yes,no,no,0,yes,semi-furnished,1549 Northmount Dr NW,T2L 691
5495000,2817,4,2,2,no,yes,yes,no,no,1,no,furnished,1472 Northmount Dr NW,T2S 633
5495000,7980,3,1,1,yes,no,no,no,no,2,no,semi-furnished,1419 Macleod Tr SE,T3E 482
5460000,3150,3,2,1,yes,yes,yes,no,yes,0,no,furnished,1720 Macleod Tr SE,T2L 748
5460000,6210,4,1,4,yes,yes,no,no,yes,0,no,furnished,1475 Crowchild Tr SW,T2S 560
5460000,6100,3,1,3,yes,yes,no,no,yes,0,yes,semi-furnished,1831 Crowchild Tr SW,T2E 776
5460000,6600,4,2,2,yes,yes,yes,no,no,0,yes,semi-furnished,1119 Centre St N,T3E 582
5425000,6825,3,1,1,yes,yes,yes,no,yes,0,yes,semi-furnished,1897 Macleod Tr SE,T2E 467
5390000,6710,3,2,2,yes,yes,yes,no,no,1,yes,furnished,1940 Centre St N,T2S 908
5383000,6450,3,2,1,yes,yes,yes,yes,no,0,no,unfurnished,1149 Elbow Dr SW,T2L 225
5320000,7800,3,1,1,yes,no,yes,no,yes,2,yes,unfurnished,1381 Elbow Dr SW,T2L 358
5285000,4600,2,2,1,yes,no,no,no,yes,2,no,semi-furnished,1660 Centre St N,T2G 309
5250000,4260,4,1,2,yes,no,yes,no,yes,0,no,furnished,1125 Macleod Tr SE,T2E 240
5250000,6540,4,2,2,no,no,no,no,yes,0,no,semi-furnished,1775 Crowchild Tr SW,T2E 153
5250000,5500,3,2,1,yes,no,yes,no,no,0,no,semi-furnished,1732 Northmount Dr NW,T2E 919
5250000,10269,3,1,1,yes,no,no,no,no,1,yes,semi-furnished,1567 Northmount Dr NW,T2S 381
5250000,8400,3,1,2,yes,yes,yes,no,yes,2,yes,unfurnished,1689 Northmount Dr NW,T2S 200
5250000,5300,4,2,1,yes,no,no,no,yes,0,yes,unfurnished,1353 Elbow Dr SW,T2E 411
5250000,3800,3,1,2,yes,yes,yes,no,no,1,yes,unfurnished,1460 Macleod Tr SE,T2L 731
5250000,9800,4,2,2,yes,yes,no,no,no,2,no,semi-furnished,1075 Northmount Dr NW,T2L 177
5250000,8520,3,1,1,yes,no,no,no,yes,2,no,furnished,1542 Northmount Dr NW,T3E 741
5243000,6050,3,1,1,yes,no,yes,no,no,0,yes,semi-furnished,1697 Centre St N,T2S 883
5229000,7085,3,1,1,yes,yes,yes,no,no,2,yes,semi-furnished,1466 Centre St N,T2S 473
5215000,3180,3,2,2,yes,no,no,no,no,2,no,semi-furnished,1416 Centre St N,T2S 936
5215000,4500,4,2,1,no,no,yes,no,yes,2,no,semi-furnished,1998 Centre St N,T3E 236
5215000,7200,3,1,2,yes,yes,yes,no,no,1,yes,furnished,1590 Centre St N,T2G 029
5145000,3410,3,1,2,no,no,no,no,yes,0,no,semi-furnished,1550 Elbow Dr SW,T2L 762
5145000,7980,3,1,1,yes,no,no,no,no,1,yes,semi-furnished,1751 Crowchild Tr SW,T2G 642
5110000,3000,3,2,2,yes,yes,yes,no,no,0,no,furnished,1873 Centre St N,T2G 265
5110000,3000,3,1,2,yes,no,yes,no,no,0,no,unfurnished,1029 Northmount Dr NW,T2L 996
5110000,11410,2,1,2,yes,no,no,no,no,0,yes,furnished,1603 Centre St N,T2E 896
5110000,6100,3,1,1,yes,no,yes,no,yes,0,yes,semi-furnished,1782 Elbow Dr SW,T2L 369
5075000,5720,2,1,2,yes,no,no,no,yes,0,yes,unfurnished,1016 Crowchild Tr SW,T3E 817
5040000,3540,2,1,1,no,yes,yes,no,no,0,no,semi-furnished,1539 Elbow Dr SW,T2G 249
5040000,7600,4,1,2,yes,no,no,no,yes,2,no,furnished,1076 Macleod Tr SE,T2S 524
5040000,10700,3,1,2,yes,yes,yes,no,no,0,no,semi-furnished,1369 Centre St N,T2E 440
5040000,6600,3,1,1,yes,yes,yes,no,no,0,yes,furnished,1771 Crowchild Tr SW,T3E 634
5033000,4800,2,1,1,yes,yes,yes,no,no,0,no,semi-furnished,1998 Centre St N,T2G 241
5005000,8150,3,2,1,yes,yes,yes,no,no,0,no,semi-furnished,1398 Northmount Dr NW,T2E 864
4970000,4410,4,3,2,yes,no,yes,no,no,2,no,semi-furnished,1328 Macleod Tr SE,T3E 098
4970000,7686,3,1,1,yes,yes,yes,yes,no,0,no,semi-furnished,1951 Crowchild Tr SW,T2G 368
4956000,2800,3,2,2,no,no,yes,no,yes,1,no,semi-furnished,1220 Northmount Dr NW,T3E 942
4935000,5948,3,1,2,yes,no,no,no,yes,0,no,semi-furnished,1487 Crowchild Tr SW,T2L 634
4907000,4200,3,1,2,yes,no,no,no,no,1,no,furnished,1699 Crowchild Tr SW,T2G 311
4900000,4520,3,1,2,yes,no,yes,no,yes,0,no,semi-furnished,1450 Elbow Dr SW,T3E 821
4900000,4095,3,1,2,no,yes,yes,no,yes,0,no,semi-furnished,1479 Macleod Tr SE,T2G 903
4900000,4120,2,1,1,yes,no,yes,no,no,1,no,semi-furnished,1138 Macleod Tr SE,T3E 135
4900000,5400,4,1,2,yes,no,no,no,no,0,no,semi-furnished,1133 Crowchild Tr SW,T2S 838
4900000,4770,3,1,1,yes,yes,yes,no,no,0,no,semi-furnished,1763 Northmount Dr NW,T2L 536
4900000,6300,3,1,1,yes,no,no,no,yes,2,no,semi-furnished,1885 Northmount Dr NW,T2E 887
4900000,5800,2,1,1,yes,yes,yes,no,yes,0,no,semi-furnished,1506 Northmount Dr NW,T2G 368
4900000,3000,3,1,2,yes,no,yes,no,yes,0,no,semi-furnished,1100 Northmount Dr NW,T2S 465
4900000,2970,3,1,3,yes,no,no,no,no,0,no,semi-furnished,1297 Centre St N,T2S 536
4900000,6720,3,1,1,yes,no,no,no,no,0,no,unfurnished,1438 Crowchild Tr SW,T2S 283
4900000,4646,3,1,2,yes,yes,yes,no,no,2,no,semi-furnished,1569 Macleod Tr SE,T2L 944
4900000,12900,3,1,1,yes,no,no,no,no,2,no,furnished,1073 Crowchild Tr SW,T2L 722
4893000,3420,4,2,2,yes,no,yes,no,yes,2,no,semi-furnished,1688 Northmount Dr NW,T2G 455
4893000,4995,4,2,1,yes,no,yes,no,no,0,no,semi-furnished,1417 Macleod Tr SE,T3E 837
4865000,4350,2,1,1,yes,no,yes,no,no,0,no,unfurnished,1871 Macleod Tr SE,T3E 437
4830000,4160,3,1,3,yes,no,no,no,no,0,no,unfurnished,1066 Centre St N,T2L 925
4830000,6040,3,1,1,yes,no,no,no,no,2,yes,semi-furnished,1272 Crowchild Tr SW,T2S 783
4830000,6862,3,1,2,yes,no,no,no,yes,2,yes,furnished,1213 Macleod Tr SE,T2L 909
4830000,4815,2,1,1,yes,no,no,no,yes,0,yes,semi-furnished,1014 Macleod Tr SE,T3E 158
4795000,7000,3,1,2,yes,no,yes,no,no,0,no,unfurnished,1190 Crowchild Tr SW,T2L 670
4795000,8100,4,1,4,yes,no,yes,no,yes,2,no,semi-furnished,1819 Crowchild Tr SW,T3E 358
4767000,3420,4,2,2,yes,no,no,no,no,0,no,semi-furnished,1879 Elbow Dr SW,T2G 571
4760000,9166,2,1,1,yes,no,yes,no,yes,2,no,semi-furnished,1385 Centre St N,T2E 189
4760000,6321,3,1,2,yes,no,yes,no,yes,1,no,furnished,1996 Crowchild Tr SW,T2E 570
4760000,10240,2,1,1,yes,no,no,no,yes,2,yes,unfurnished,1815 Centre St N,T2E 349
4753000,6440,2,1,1,yes,no,no,no,yes,3,no,semi-furnished,1211 Macleod Tr SE,T2G 474
4690000,5170,3,1,4,yes,no,no,no,yes,0,no,semi-furnished,1337 Northmount Dr NW,T2L 731
4690000,6000,2,1,1,yes,no,yes,no,yes,1,no,furnished,1581 Centre St N,T2L 561
4690000,3630,3,1,2,yes,no,no,no,no,2,no,semi-furnished,1916 Elbow Dr SW,T3E 206
4690000,9667,4,2,2,yes,yes,yes,no,no,1,no,semi-furnished,1779 Crowchild Tr SW,T2S 155
4690000,5400,2,1,2,yes,no,no,no,no,0,yes,semi-furnished,1277 Northmount Dr NW,T2G 598
4690000,4320,3,1,1,yes,no,no,no,no,0,yes,semi-furnished,1968 Northmount Dr NW,T2L 941
4655000,3745,3,1,2,yes,no,yes,no,no,0,no,furnished,1351 Elbow Dr SW,T3E 935
4620000,4160,3,1,1,yes,yes,yes,no,yes,0,no,unfurnished,1423 Macleod Tr SE,T2G 474
4620000,3880,3,2,2,yes,no,yes,no,no,2,no,semi-furnished,1976 Crowchild Tr SW,T2S 866
4620000,5680,3,1,2,yes,yes,no,no,yes,1,no,semi-furnished,1412 Northmount Dr NW,T2S 469
4620000,2870,2,1,2,yes,yes,yes,no,no,0,yes,semi-furnished,1717 Centre St N,T2L 360
4620000,5010,3,1,2,yes,no,yes,no,no,0,no,semi-furnished,1701 Elbow Dr SW,T2S 019
4613000,4510,4,2,2,yes,no,yes,no,no,0,no,semi-furnished,1948 Elbow Dr SW,T3E 773
4585000,4000,3,1,2,yes,no,no,no,no,1,no,furnished,1801 Crowchild Tr SW,T2G 834
4585000,3840,3,1,2,yes,no,no,no,no,1,yes,semi-furnished,1462 Crowchild Tr SW,T3E 710
4550000,3760,3,1,1,yes,no,no,no,no,2,no,semi-furnished,1531 Crowchild Tr SW,T2S 666
4550000,3640,3,1,2,yes,no,no,no,yes,0,no,furnished,1799 Macleod Tr SE,T2G 011
4550000,2550,3,1,2,yes,no,yes,no,no,0,no,furnished,1939 Crowchild Tr SW,T2S 954
4550000,5320,3,1,2,yes,yes,yes,no,no,0,yes,semi-furnished,1246 Centre St N,T3E 392
4550000,5360,3,1,2,yes,no,no,no,no,2,yes,unfurnished,1653 Crowchild Tr SW,T3E 595
4550000,3520,3,1,1,yes,no,no,no,no,0,yes,semi-furnished,1850 Centre St N,T2S 674
4550000,8400,4,1,4,yes,no,no,no,no,3,no,unfurnished,1858 Macleod Tr SE,T2S 967
4543000,4100,2,2,1,yes,yes,yes,no,no,0,no,semi-furnished,1454 Macleod Tr SE,T2L 797
4543000,4990,4,2,2,yes,yes,yes,no,no,0,yes,furnished,1627 Northmount Dr NW,T2E 812
4515000,3510,3,1,3,yes,no,no,no,no,0,no,semi-furnished,1667 Centre St N,T2E 325
4515000,3450,3,1,2,yes,no,yes,no,no,1,no,semi-furnished,1422 Macleod Tr SE,T2L 542
4515000,9860,3,1,1,yes,no,no,no,no,0,no,semi-furnished,1084 Centre St N,T2S 027
4515000,3520,2,1,2,yes,no,no,no,no,0,yes,furnished,1727 Crowchild Tr SW,T3E 012
4480000,4510,4,1,2,yes,no,no,no,yes,2,no,semi-furnished,1517 Elbow Dr SW,T2L 231
4480000,5885,2,1,1,yes,no,no,no,yes,1,no,unfurnished,1863 Northmount Dr NW,T2L 152
4480000,4000,3,1,2,yes,no,no,no,no,2,no,furnished,1626 Crowchild Tr SW,T2L 957
4480000,8250,3,1,1,yes,no,no,no,no,0,no,furnished,1530 Centre St N,T2G 420
4480000,4040,3,1,2,yes,no,no,no,no,1,no,semi-furnished,1840 Crowchild Tr SW,T2S 240
4473000,6360,2,1,1,yes,no,yes,no,yes,1,no,furnished,1039 Crowchild Tr SW,T2E 242
4473000,3162,3,1,2,yes,no,no,no,yes,1,no,furnished,1519 Macleod Tr SE,T2S 688
4473000,3510,3,1,2,yes,no,no,no,no,0,no,semi-furnished,1632 Northmount Dr NW,T2L 455
4445000,3750,2,1,1,yes,yes,yes,no,no,0,no,semi-furnished,1984 Centre St N,T2S 985
4410000,3968,3,1,2,no,no,no,no,no,0,no,semi-furnished,1498 Crowchild Tr SW,T2L 615
4410000,4900,2,1,2,yes,no,yes,no,no,0,no,semi-furnished,1207 Macleod Tr SE,T2G 124
4403000,2880,3,1,2,yes,no,no,no,no,0,yes,semi-furnished,1234 Elbow Dr SW,T2G 223
4403000,4880,3,1,1,yes,no,no,no,no,2,yes,unfurnished,1284 Centre St N,T2S 815
4403000,4920,3,1,2,yes,no,no,no,no,1,no,semi-furnished,1758 Crowchild Tr SW,T2S 480
4382000,4950,4,1,2,yes,no,no,no,yes,0,no,semi-furnished,1897 Centre St N,T3E 318
4375000,3900,3,1,2,yes,no,no,no,no,0,no,unfurnished,1646 Macleod Tr SE,T2E 602
4340000,4500,3,2,3,yes,no,no,yes,no,1,no,furnished,1203 Crowchild Tr SW,T2E 951
4340000,1905,5,1,2,no,no,yes,no,no,0,no,semi-furnished,1966 Crowchild Tr SW,T2G 923
4340000,4075,3,1,1,yes,yes,yes,no,no,2,no,semi-furnished,1714 Macleod Tr SE,T2L 372
4340000,3500,4,1,2,yes,no,no,no,no,2,no,furnished,1262 Crowchild Tr SW,T2L 249
4340000,6450,4,1,2,yes,no,no,no,no,0,no,semi-furnished,1620 Centre St N,T2S 106
4319000,4032,2,1,1,yes,no,yes,no,no,0,no,furnished,1388 Northmount Dr NW,T2S 741
4305000,4400,2,1,1,yes,no,no,no,no,1,no,semi-furnished,1197 Macleod Tr SE,T2L 930
4305000,10360,2,1,1,yes,no,no,no,no,1,yes,semi-furnished,1830 Centre St N,T2S 601
4277000,3400,3,1,2,yes,no,yes,no,no,2,yes,semi-furnished,1892 Centre St N,T3E 659
4270000,6360,2,1,1,yes,no,no,no,no,0,no,furnished,1429 Elbow Dr SW,T2L 461
4270000,6360,2,1,2,yes,no,no,no,no,0,no,unfurnished,1509 Centre St N,T2E 116
4270000,4500,2,1,1,yes,no,no,no,yes,2,no,furnished,1698 Centre St N,T2G 970
4270000,2175,3,1,2,no,yes,yes,no,yes,0,no,unfurnished,1772 Macleod Tr SE,T2L 215
4270000,4360,4,1,2,yes,no,no,no,no,0,no,furnished,1298 Macleod Tr SE,T2E 896
4270000,7770,2,1,1,yes,no,no,no,no,1,no,furnished,1104 Crowchild Tr SW,T2G 473
4235000,6650,3,1,2,yes,yes,no,no,no,0,no,semi-furnished,1001 Elbow Dr SW,T2L 683
4235000,2787,3,1,1,yes,no,yes,no,no,0,yes,furnished,1065 Crowchild Tr SW,T2L 037
4200000,5500,3,1,2,yes,no,no,no,yes,0,no,unfurnished,1800 Northmount Dr NW,T2E 402
4200000,5040,3,1,2,yes,no,yes,no,yes,0,no,unfurnished,1201 Centre St N,T3E 759
4200000,5850,2,1,1,yes,yes,yes,no,no,2,no,semi-furnished,1124 Elbow Dr SW,T2L 701
4200000,2610,4,3,2,no,no,no,no,no,0,no,semi-furnished,1194 Crowchild Tr SW,T2G 300
4200000,2953,3,1,2,yes,no,yes,no,yes,0,no,unfurnished,1687 Crowchild Tr SW,T2L 416
4200000,2747,4,2,2,no,no,no,no,no,0,no,semi-furnished,1510 Crowchild Tr SW,T2S 757
4200000,4410,2,1,1,no,no,no,no,no,1,no,unfurnished,1437 Northmount Dr NW,T2G 636
4200000,4000,4,2,2,no,no,no,no,no,0,no,semi-furnished,1037 Elbow Dr SW,T2G 020
4200000,2325,3,1,2,no,no,no,no,no,0,no,semi-furnished,1083 Centre St N,T2G 851
4200000,4600,3,2,2,yes,no,no,no,yes,1,no,semi-furnished,1853 Elbow Dr SW,T2L 732
4200000,3640,3,2,2,yes,no,yes,no,no,0,no,unfurnished,1782 Crowchild Tr SW,T2G 744
4200000,5800,3,1,1,yes,no,no,yes,no,2,no,semi-furnished,1426 Macleod Tr SE,T2E 421
4200000,7000,3,1,1,yes,no,no,no,no,3,no,furnished,1388 Northmount Dr NW,T2E 702
4200000,4079,3,1,3,yes,no,no,no,no,0,no,semi-furnished,1004 Centre St N,T2S 343
4200000,3520,3,1,2,yes,no,no,no,no,0,yes,semi-furnished,1765 Macleod Tr SE,T3E 652
4200000,2145,3,1,3,yes,no,no,no,no,1,yes,unfurnished,1060 Centre St N,T2G 086
4200000,4500,3,1,1,yes,no,yes,no,no,0,no,furnished,1900 Crowchild Tr SW,T2L 733
4193000,8250,3,1,1,yes,no,yes,no,no,3,no,semi-furnished,1926 Elbow Dr SW,T2G 211
4193000,3450,3,1,2,yes,no,no,no,no,1,no,semi-furnished,1117 Elbow Dr SW,T2L 301
4165000,4840,3,1,2,yes,no,no,no,no,1,no,semi-furnished,1650 Elbow Dr SW,T2E 624
4165000,4080,3,1,2,yes,no,no,no,no,2,no,semi-furnished,1362 Macleod Tr SE,T2E 956
4165000,4046,3,1,2,yes,no,yes,no,no,1,no,semi-furnished,1988 Elbow Dr SW,T2L 948
4130000,4632,4,1,2,yes,no,no,no,yes,0,no,semi-furnished,1823 Macleod Tr SE,T2S 776
4130000,5985,3,1,1,yes,no,yes,no,no,0,no,semi-furnished,1584 Crowchild Tr SW,T2G 719
4123000,6060,2,1,1,yes,no,yes,no,no,1,no,semi-furnished,1570 Crowchild Tr SW,T2E 311
4098500,3600,3,1,1,yes,no,yes,no,yes,0,yes,furnished,1762 Crowchild Tr SW,T2S 596
4095000,3680,3,2,2,yes,no,no,no,no,0,no,semi-furnished,1564 Northmount Dr NW,T2L 509
4095000,4040,2,1,2,yes,no,no,no,no,1,no,semi-furnished,1821 Elbow Dr SW,T2E 843
4095000,5600,2,1,1,yes,no,no,no,yes,0,no,semi-furnished,1885 Macleod Tr SE,T2L 511
4060000,5900,4,2,2,no,no,yes,no,no,1,no,unfurnished,1808 Centre St N,T2G 512
4060000,4992,3,2,2,yes,no,no,no,no,2,no,unfurnished,1767 Northmount Dr NW,T2G 623
4060000,4340,3,1,1,yes,no,no,no,no,0,no,semi-furnished,1952 Centre St N,T2E 352
4060000,3000,4,1,3,yes,no,yes,no,yes,2,no,semi-furnished,1023 Macleod Tr SE,T2L 798
4060000,4320,3,1,2,yes,no,no,no,no,2,yes,furnished,1576 Crowchild Tr SW,T2S 913
4025000,3630,3,2,2,yes,no,no,yes,no,2,no,semi-furnished,1390 Northmount Dr NW,T2E 985
4025000,3460,3,2,1,yes,no,yes,no,yes,1,no,furnished,1532 Crowchild Tr SW,T2L 495
4025000,5400,3,1,1,yes,no,no,no,no,3,no,semi-furnished,1438 Centre St N,T2L 534
4007500,4500,3,1,2,no,no,yes,no,yes,0,no,semi-furnished,1131 Centre St N,T3E 474
4007500,3460,4,1,2,yes,no,no,no,yes,0,no,semi-furnished,1074 Elbow Dr SW,T3E 276
3990000,4100,4,1,1,no,no,yes,no,no,0,no,unfurnished,1507 Elbow Dr SW,T2S 859
3990000,6480,3,1,2,no,no,no,no,yes,1,no,semi-furnished,1505 Macleod Tr SE,T2E 611
3990000,4500,3,2,2,no,no,yes,no,yes,0,no,semi-furnished,1720 Macleod Tr SE,T2E 231
3990000,3960,3,1,2,yes,no,no,no,no,0,no,furnished,1906 Centre St N,T2G 774
3990000,4050,2,1,2,yes,yes,yes,no,no,0,yes,unfurnished,1857 Centre St N,T2G 626
3920000,7260,3,2,1,yes,yes,yes,no,no,3,no,furnished,1626 Elbow Dr SW,T2L 313
3920000,5500,4,1,2,yes,yes,yes,no,no,0,no,semi-furnished,1040 Macleod Tr SE,T2G 299
3920000,3000,3,1,2,yes,no,no,no,no,0,no,semi-furnished,1162 Crowchild Tr SW,T2L 755
3920000,3290,2,1,1,yes,no,no,yes,no,1,no,furnished,1849 Macleod Tr SE,T2E 234
3920000,3816,2,1,1,yes,no,yes,no,yes,2,no,furnished,1582 Northmount Dr NW,T2G 831
3920000,8080,3,1,1,yes,no,no,no,yes,2,no,semi-furnished,1916 Macleod Tr SE,T3E 384
3920000,2145,4,2,1,yes,no,yes,no,no,0,yes,unfurnished,1576 Elbow Dr SW,T2L 516
3885000,3780,2,1,2,yes,yes,yes,no,no,0,no,semi-furnished,1794 Crowchild Tr SW,T2G 688
3885000,3180,4,2,2,yes,no,no,no,no,0,no,furnished,1229 Elbow Dr SW,T2G 220
3850000,5300,5,2,2,yes,no,no,no,no,0,no,semi-furnished,1099 Elbow Dr SW,T2E 679
3850000,3180,2,2,1,yes,no,yes,no,no,2,no,semi-furnished,1700 Centre St N,T2E 898
3850000,7152,3,1,2,yes,no,no,no,yes,0,no,furnished,1161 Northmount Dr NW,T2G 531
3850000,4080,2,1,1,yes,no,no,no,no,0,no,semi-furnished,1649 Northmount Dr NW,T2S 207
3850000,3850,2,1,1,yes,no,no,no,no,0,no,semi-furnished,1518 Centre St N,T2L 005
3850000,2015,3,1,2,yes,no,yes,no,no,0,yes,semi-furnished,1527 Centre St N,T2G 056
3850000,2176,2,1,2,yes,yes,no,no,no,0,yes,semi-furnished,1190 Centre St N,T2G 594
3836000,3350,3,1,2,yes,no,no,no,no,0,no,unfurnished,1932 Macleod Tr SE,T2L 761
3815000,3150,2,2,1,no,no,yes,no,no,0,no,semi-furnished,1659 Northmount Dr NW,T2G 256
3780000,4820,3,1,2,yes,no,no,no,no,0,no,semi-furnished,1905 Macleod Tr SE,T2E 806
3780000,3420,2,1,2,yes,no,no,yes,no,1,no,semi-furnished,1381 Elbow Dr SW,T3E 322
3780000,3600,2,1,1,yes,no,no,no,no,0,no,semi-furnished,1282 Centre St N,T2G 436
3780000,5830,2,1,1,yes,no,no,no,no,2,no,unfurnished,1903 Centre St N,T2L 816
3780000,2856,3,1,3,yes,no,no,no,no,0,yes,furnished,1508 Elbow Dr SW,T2G 691
3780000,8400,2,1,1,yes,no,no,no,no,1,no,furnished,1880 Crowchild Tr SW,T2G 310
3773000,8250,3,1,1,yes,no,no,no,no,2,no,furnished,1341 Northmount Dr NW,T2S 158
3773000,2520,5,2,1,no,no,yes,no,yes,1,no,furnished,1582 Crowchild Tr SW,T3E 845
3773000,6930,4,1,2,no,no,no,no,no,1,no,furnished,1594 Macleod Tr SE,T2E 112
3745000,3480,2,1,1,yes,no,no,no,no,0,yes,semi-furnished,1072 Northmount Dr NW,T2S 490
3710000,3600,3,1,1,yes,no,no,no,no,1,no,unfurnished,1472 Northmount Dr NW,T2G 594
3710000,4040,2,1,1,yes,no,no,no,no,0,no,semi-furnished,1936 Crowchild Tr SW,T2S 071
3710000,6020,3,1,1,yes,no,no,no,no,0,no,semi-furnished,1172 Northmount Dr NW,T2S 199
3710000,4050,2,1,1,yes,no,no,no,no,0,no,furnished,1670 Elbow Dr SW,T3E 271
3710000,3584,2,1,1,yes,no,no,yes,no,0,no,semi-furnished,1314 Northmount Dr NW,T2S 613
3703000,3120,3,1,2,no,no,yes,yes,no,0,no,semi-furnished,1268 Centre St N,T3E 431
3703000,5450,2,1,1,yes,no,no,no,no,0,no,furnished,1751 Crowchild Tr SW,T2G 224
3675000,3630,2,1,1,yes,no,yes,no,no,0,no,furnished,1812 Macleod Tr SE,T2S 388
3675000,3630,2,1,1,yes,no,no,no,yes,0,no,unfurnished,1611 Crowchild Tr SW,T2S 073
3675000,5640,2,1,1,no,no,no,no,no,0,no,semi-furnished,1474 Elbow Dr SW,T2L 222
3675000,3600,2,1,1,yes,no,no,no,no,0,no,furnished,1361 Crowchild Tr SW,T2S 792
3640000,4280,2,1,1,yes,no,no,no,yes,2,no,semi-furnished,1110 Elbow Dr SW,T2E 921
3640000,3570,3,1,2,yes,no,yes,no,no,0,no,semi-furnished,1503 Crowchild Tr SW,T2L 512
3640000,3180,3,1,2,no,no,yes,no,no,0,no,semi-furnished,1601 Crowchild Tr SW,T3E 741
3640000,3000,2,1,2,yes,no,no,no,yes,0,no,furnished,1273 Crowchild Tr SW,T2G 953
3640000,3520,2,2,1,yes,no,yes,no,no,0,no,semi-furnished,1990 Macleod Tr SE,T2E 910
3640000,5960,3,1,2,yes,yes,yes,no,no,0,no,unfurnished,1443 Elbow Dr SW,T3E 853
3640000,4130,3,2,2,yes,no,no,no,no,2,no,semi-furnished,1501 Elbow Dr SW,T2G 170
3640000,2850,3,2,2,no,no,yes,no,no,0,yes,unfurnished,1448 Macleod Tr SE,T3E 692
3640000,2275,3,1,3,yes,no,no,yes,yes,0,yes,semi-furnished,1323 Elbow Dr SW,T2L 432
3633000,3520,3,1,1,yes,no,no,no,no,2,yes,unfurnished,1534 Elbow Dr SW,T2G 439
3605000,4500,2,1,1,yes,no,no,no,no,0,no,semi-furnished,1691 Elbow Dr SW,T2L 469
3605000,4000,2,1,1,yes,no,no,no,no,0,yes,semi-furnished,1947 Macleod Tr SE,T3E 536
3570000,3150,3,1,2,yes,no,yes,no,no,0,no,furnished,1355 Macleod Tr SE,T2S 533
3570000,4500,4,2,2,yes,no,yes,no,no,2,no,furnished,1440 Northmount Dr NW,T2L 782
3570000,4500,2,1,1,no,no,no,no,no,0,no,furnished,1947 Crowchild Tr SW,T3E 504
3570000,3640,2,1,1,yes,no,no,no,no,0,no,unfurnished,1550 Elbow Dr SW,T2S 484
3535000,3850,3,1,1,yes,no,no,no,no,2,no,unfurnished,1942 Macleod Tr SE,T2S 175
3500000,4240,3,1,2,yes,no,no,no,yes,0,no,semi-furnished,1978 Northmount Dr NW,T2L 356
3500000,3650,3,1,2,yes,no,no,no,no,0,no,unfurnished,1589 Northmount Dr NW,T2S 693
3500000,4600,4,1,2,yes,no,no,no,no,0,no,semi-furnished,1036 Crowchild Tr SW,T2L 069
3500000,2135,3,2,2,no,no,no,no,no,0,no,unfurnished,1178 Crowchild Tr SW,T2E 018
3500000,3036,3,1,2,yes,no,yes,no,no,0,no,semi-furnished,1692 Northmount Dr NW,T2L 602
3500000,3990,3,1,2,yes,no,no,no,no,0,no,semi-furnished,1000 Centre St N,T2L 538
3500000,7424,3,1,1,no,no,no,no,no,0,no,unfurnished,1291 Northmount Dr NW,T2S 106
3500000,3480,3,1,1,no,no,no,no,yes,0,no,unfurnished,1724 Northmount Dr NW,T2E 337
3500000,3600,6,1,2,yes,no,no,no,no,1,no,unfurnished,1469 Centre St N,T2E 055
3500000,3640,2,1,1,yes,no,no,no,no,1,no,semi-furnished,1391 Macleod Tr SE,T2S 016
3500000,5900,2,1,1,yes,no,no,no,no,1,no,furnished,1603 Elbow Dr SW,T3E 840
3500000,3120,3,1,2,yes,no,no,no,no,1,no,unfurnished,1592 Northmount Dr NW,T2L 592
3500000,7350,2,1,1,yes,no,no,no,no,1,no,semi-furnished,1478 Macleod Tr SE,T2S 203
3500000,3512,2,1,1,yes,no,no,no,no,1,yes,unfurnished,1410 Elbow Dr SW,T2S 835
3500000,9500,3,1,2,yes,no,no,no,no,3,yes,unfurnished,1011 Macleod Tr SE,T3E 211
3500000,5880,2,1,1,yes,no,no,no,no,0,no,unfurnished,1200 Elbow Dr SW,T2L 228
3500000,12944,3,1,1,yes,no,no,no,no,0,no,unfurnished,1919 Macleod Tr SE,T2E 312
3493000,4900,3,1,2,no,no,no,no,no,0,no,unfurnished,1979 Crowchild Tr SW,T2L 932
3465000,3060,3,1,1,yes,no,no,no,no,0,no,unfurnished,1218 Centre St N,T3E 420
3465000,5320,2,1,1,yes,no,no,no,no,1,yes,unfurnished,1268 Macleod Tr SE,T2G 863
3465000,2145,3,1,3,yes,no,no,no,no,0,yes,furnished,1103 Crowchild Tr SW,T2E 432
3430000,4000,2,1,1,yes,no,no,no,no,0,no,unfurnished,1209 Macleod Tr SE,T2L 976
3430000,3185,2,1,1,yes,no,no,no,no,2,no,unfurnished,1443 Elbow Dr SW,T2E 110
3430000,3850,3,1,1,yes,no,no,no,no,0,no,unfurnished,1714 Crowchild Tr SW,T3E 874
3430000,2145,3,1,3,yes,no,no,no,no,0,yes,furnished,1453 Centre St N,T2E 364
3430000,2610,3,1,2,yes,no,yes,no,no,0,yes,unfurnished,1135 Elbow Dr SW,T2L 954
3430000,1950,3,2,2,yes,no,yes,no,no,0,yes,unfurnished,1354 Crowchild Tr SW,T2L 324
3423000,4040,2,1,1,yes,no,no,no,no,0,no,unfurnished,1840 Centre St N,T2L 501
3395000,4785,3,1,2,yes,yes,yes,no,yes,1,no,furnished,1645 Crowchild Tr SW,T2E 876
3395000,3450,3,1,1,yes,no,yes,no,no,2,no,unfurnished,1904 Macleod Tr SE,T2S 431
3395000,3640,2,1,1,yes,no,no,no,no,0,no,furnished,1472 Macleod Tr SE,T3E 242
3360000,3500,4,1,2,yes,no,no,no,yes,2,no,unfurnished,1689 Centre St N,T2E 887
3360000,4960,4,1,3,no,no,no,no,no,0,no,semi-furnished,1449 Centre St N,T3E 154
3360000,4120,2,1,2,yes,no,no,no,no,0,no,unfurnished,1477 Centre St N,T2S 587
3360000,4750,2,1,1,yes,no,no,no,no,0,no,unfurnished,1007 Centre St N,T2S 063
3360000,3720,2,1,1,no,no,no,no,yes,0,no,unfurnished,1203 Crowchild Tr SW,T2S 587
3360000,3750,3,1,1,yes,no,no,no,no,0,no,unfurnished,1266 Elbow Dr SW,T2L 251
3360000,3100,3,1,2,no,no,yes,no,no,0,no,semi-furnished,1178 Macleod Tr SE,T2G 514
3360000,3185,2,1,1,yes,no,yes,no,no,2,no,furnished,1950 Northmount Dr NW,T2G 870
3353000,2700,3,1,1,no,no,no,no,no,0,no,furnished,1285 Crowchild Tr SW,T2L 290
3332000,2145,3,1,2,yes,no,yes,no,no,0,yes,furnished,1649 Elbow Dr SW,T2S 083
3325000,4040,2,1,1,yes,no,no,no,no,1,no,unfurnished,1699 Macleod Tr SE,T2G 877
3325000,4775,4,1,2,yes,no,no,no,no,0,no,unfurnished,1484 Macleod Tr SE,T2G 973
3290000,2500,2,1,1,no,no,no,no,yes,0,no,unfurnished,1683 Crowchild Tr SW,T2E 662
3290000,3180,4,1,2,yes,no,yes,no,yes,0,no,unfurnished,1101 Macleod Tr SE,T3E 553
3290000,6060,3,1,1,yes,yes,yes,no,no,0,no,furnished,1172 Macleod Tr SE,T3E 385
3290000,3480,4,1,2,no,no,no,no,no,1,no,semi-furnished,1389 Centre St N,T2G 519
3290000,3792,4,1,2,yes,no,no,no,no,0,no,semi-furnished,1406 Crowchild Tr SW,T3E 684
3290000,4040,2,1,1,yes,no,no,no,no,0,no,unfurnished,1544 Elbow Dr SW,T2L 505
3290000,2145,3,1,2,yes,no,yes,no,no,0,yes,furnished,1463 Crowchild Tr SW,T3E 600
3290000,5880,3,1,1,yes,no,no,no,no,1,no,unfurnished,1810 Elbow Dr SW,T3E 339
3255000,4500,2,1,1,no,no,no,no,no,0,no,semi-furnished,1257 Centre St N,T3E 555
3255000,3930,2,1,1,no,no,no,no,no,0,no,unfurnished,1868 Crowchild Tr SW,T2S 359
3234000,3640,4,1,2,yes,no,yes,no,no,0,no,unfurnished,1698 Centre St N,T2E 127
3220000,4370,3,1,2,yes,no,no,no,no,0,no,unfurnished,1217 Centre St N,T2G 742
3220000,2684,2,1,1,yes,no,no,no,yes,1,no,unfurnished,1619 Macleod Tr SE,T2S 604
3220000,4320,3,1,1,no,no,no,no,no,1,no,unfurnished,1033 Macleod Tr SE,T2G 365
3220000,3120,3,1,2,no,no,no,no,no,0,no,furnished,1185 Northmount Dr NW,T3E 385
3150000,3450,1,1,1,yes,no,no,no,no,0,no,furnished,1075 Centre St N,T3E 411
3150000,3986,2,2,1,no,yes,yes,no,no,1,no,unfurnished,1664 Centre St N,T2S 816
3150000,3500,2,1,1,no,no,yes,no,no,0,no,semi-furnished,1991 Northmount Dr NW,T2S 309
3150000,4095,2,1,1,yes,no,no,no,no,2,no,semi-furnished,1085 Macleod Tr SE,T2S 645
3150000,1650,3,1,2,no,no,yes,no,no,0,no,unfurnished,1785 Crowchild Tr SW,T2L 791
3150000,3450,3,1,2,yes,no,yes,no,no,0,no,semi-furnished,1380 Northmount Dr NW,T2E 777
3150000,6750,2,1,1,yes,no,no,no,no,0,no,semi-furnished,1336 Elbow Dr SW,T2E 457
3150000,9000,3,1,2,yes,no,no,no,no,2,no,semi-furnished,1510 Centre St N,T2E 493
3150000,3069,2,1,1,yes,no,no,no,no,1,no,unfurnished,1386 Northmount Dr NW,T2L 406
3143000,4500,3,1,2,yes,no,no,no,yes,0,no,unfurnished,1995 Centre St N,T2S 874
3129000,5495,3,1,1,yes,no,yes,no,no,0,no,unfurnished,1282 Macleod Tr SE,T2L 554
3118850,2398,3,1,1,yes,no,no,no,no,0,yes,semi-furnished,1569 Crowchild Tr SW,T2L 365
3115000,3000,3,1,1,no,no,no,no,yes,0,no,unfurnished,1278 Centre St N,T2S 811
3115000,3850,3,1,2,yes,no,no,no,no,0,no,unfurnished,1786 Northmount Dr NW,T2E 080
3115000,3500,2,1,1,yes,no,no,no,no,0,no,unfurnished,1475 Northmount Dr NW,T2L 479
3087000,8100,2,1,1,yes,no,no,no,no,1,no,unfurnished,1171 Centre St N,T2S 294
3080000,4960,2,1,1,yes,no,yes,no,yes,0,no,unfurnished,1262 Centre St N,T2S 462
3080000,2160,3,1,2,no,no,yes,no,no,0,no,semi-furnished,1276 Centre St N,T2G 902
3080000,3090,2,1,1,yes,yes,yes,no,no,0,no,unfurnished,1883 Northmount Dr NW,T2S 412
3080000,4500,2,1,2,yes,no,no,yes,no,1,no,semi-furnished,1817 Crowchild Tr SW,T2E 511
3045000,3800,2,1,1,yes,no,no,no,no,0,no,unfurnished,1275 Macleod Tr SE,T2L 595
3010000,3090,3,1,2,no,no,no,no,no,0,no,semi-furnished,1359 Crowchild Tr SW,T2E 934
3010000,3240,3,1,2,yes,no,no,no,no,2,no,semi-furnished,1668 Crowchild Tr SW,T2S 584
3010000,2835,2,1,1,yes,no,no,no,no,0,no,semi-furnished,1214 Northmount Dr NW,T2G 149
3010000,4600,2,1,1,yes,no,no,no,no,0,no,furnished,1763 Crowchild Tr SW,T3E 821
3010000,5076,3,1,1,no,no,no,no,no,0,no,unfurnished,1722 Elbow Dr SW,T2L 627
3010000,3750,3,1,2,yes,no,no,no,no,0,no,unfurnished,1594 Centre St N,T2G 774
3010000,3630,4,1,2,yes,no,no,no,no,3,no,semi-furnished,1451 Crowchild Tr SW,T3E 396
3003000,8050,2,1,1,yes,no,no,no,no,0,no,unfurnished,1362 Elbow Dr SW,T2S 481
2975000,4352,4,1,2,no,no,no,no,no,1,no,unfurnished,1533 Northmount Dr NW,T3E 446
2961000,3000,2,1,2,yes,no,no,no,no,0,no,semi-furnished,1618 Centre St N,T2L 693
2940000,5850,3,1,2,yes,no,yes,no,no,1,no,unfurnished,1316 Northmount Dr NW,T2E 598
2940000,4960,2,1,1,yes,no,no,no,no,0,no,unfurnished,1345 Northmount Dr NW,T2G 573
2940000,3600,3,1,2,no,no,no,no,no,1,no,unfurnished,1859 Centre St N,T3E 006
2940000,3660,4,1,2,no,no,no,no,no,0,no,unfurnished,1070 Northmount Dr NW,T2E 574
2940000,3480,3,1,2,no,no,no,no,no,1,no,semi-furnished,1845 Northmount Dr NW,T2S 676
2940000,2700,2,1,1,no,no,no,no,no,0,no,furnished,1012 Elbow Dr SW,T2L 319
2940000,3150,3,1,2,no,no,no,no,no,0,no,unfurnished,1523 Centre St N,T2E 727
2940000,6615,3,1,2,yes,no,no,no,no,0,no,semi-furnished,1856 Elbow Dr SW,T3E 822
2870000,3040,2,1,1,no,no,no,no,no,0,no,unfurnished,1098 Elbow Dr SW,T2E 960
2870000,3630,2,1,1,yes,no,no,no,no,0,no,unfurnished,1709 Macleod Tr SE,T2E 380
2870000,6000,2,1,1,yes,no,no,no,no,0,no,semi-furnished,1657 Crowchild Tr SW,T2S 100
2870000,5400,4,1,2,yes,no,no,no,no,0,no,unfurnished,1153 Elbow Dr SW,T2G 577
2852500,5200,4,1,3,yes,no,no,no,no,0,no,unfurnished,1042 Centre St N,T2L 562
2835000,3300,3,1,2,no,no,no,no,no,1,no,semi-furnished,1004 Crowchild Tr SW,T2S 459
2835000,4350,3,1,2,no,no,no,yes,no,1,no,unfurnished,1206 Crowchild Tr SW,T2S 728
2835000,2640,2,1,1,no,no,no,no,no,1,no,furnished,1582 Elbow Dr SW,T2L 927
2800000,2650,3,1,2,yes,no,yes,no,no,1,no,unfurnished,1105 Crowchild Tr SW,T2S 044
2800000,3960,3,1,1,yes,no,no,no,no,0,no,furnished,1896 Northmount Dr NW,T3E 453
2730000,6800,2,1,1,yes,no,no,no,no,0,no,unfurnished,1799 Northmount Dr NW,T2G 312
2730000,4000,3,1,2,yes,no,no,no,no,1,no,unfurnished,1641 Crowchild Tr SW,T2G 217
2695000,4000,2,1,1,yes,no,no,no,no,0,no,unfurnished,1433 Centre St N,T2E 049
2660000,3934,2,1,1,yes,no,no,no,no,0,no,unfurnished,1325 Elbow Dr SW,T2L 081
2660000,2000,2,1,2,yes,no,no,no,no,0,no,semi-furnished,1076 Macleod Tr SE,T3E 179
2660000,3630,3,3,2,no,yes,no,no,no,0,no,unfurnished,1759 Macleod Tr SE,T2S 401
2660000,2800,3,1,1,yes,no,no,no,no,0,no,unfurnished,1226 Crowchild Tr SW,T2S 041
2660000,2430,3,1,1,no,no,no,no,no,0,no,unfurnished,1616 Elbow Dr SW,T3E 095
2660000,3480,2,1,1,yes,no,no,no,no,1,no,semi-furnished,1400 Centre St N,T2G 031
2660000,4000,3,1,1,yes,no,no,no,no,0,no,semi-furnished,1928 Centre St N,T2S 538
2653000,3185,2,1,1,yes,no,no,no,yes,0,no,unfurnished,1287 Macleod Tr SE,T2G 329
2653000,4000,3,1,2,yes,no,no,no,yes,0,no,unfurnished,1934 Macleod Tr SE,T2L 522
2604000,2910,2,1,1,no,no,no,no,no,0,no,unfurnished,1097 Macleod Tr SE,T2E 932
2590000,3600,2,1,1,yes,no,no,no,no,0,no,unfurnished,1742 Elbow Dr SW,T2L 392
2590000,4400,2,1,1,yes,no,no,no,no,0,no,unfurnished,1058 Macleod Tr SE,T2G 809
2590000,3600,2,2,2,yes,no,yes,no,no,1,no,furnished,1050 Centre St N,T2S 453
2520000,2880,3,1,1,no,no,no,no,no,0,no,unfurnished,1276 Crowchild Tr SW,T3E 397
2520000,3180,3,1,1,no,no,no,no,no,0,no,unfurnished,1090 Crowchild Tr SW,T2S 275
2520000,3000,2,1,2,yes,no,no,no,no,0,no,furnished,1624 Crowchild Tr SW,T2S 065
2485000,4400,3,1,2,yes,no,no,no,no,0,no,unfurnished,1139 Northmount Dr NW,T2E 087
2485000,3000,3,1,2,no,no,no,no,no,0,no,semi-furnished,1953 Elbow Dr SW,T2E 713
2450000,3210,3,1,2,yes,no,yes,no,no,0,no,unfurnished,1845 Elbow Dr SW,T2S 548
2450000,3240,2,1,1,no,yes,no,no,no,1,no,unfurnished,1791 Northmount Dr NW,T2S 877
2450000,3000,2,1,1,yes,no,no,no,no,1,no,unfurnished,1596 Northmount Dr NW,T2L 986
2450000,3500,2,1,1,yes,yes,no,no,no,0,no,unfurnished,1414 Centre St N,T2S 407
2450000,4840,2,1,2,yes,no,no,no,no,0,no,unfurnished,1463 Elbow Dr SW,T2G 328
2450000,7700,2,1,1,yes,no,no,no,no,0,no,unfurnished,1999 Northmount Dr NW,T2E 833
2408000,3635,2,1,1,no,no,no,no,no,0,no,unfurnished,1955 Crowchild Tr SW,T2S 403
2380000,2475,3,1,2,yes,no,no,no,no,0,no,furnished,1193 Crowchild Tr SW,T3E 424
2380000,2787,4,2,2,yes,no,no,no,no,0,no,furnished,1922 Northmount Dr NW,T2G 543
2380000,3264,2,1,1,yes,no,no,no,no,0,no,unfurnished,1797 Macleod Tr SE,T2S 670
2345000,3640,2,1,1,yes,no,no,no,no,0,no,unfurnished,1265 Northmount Dr NW,T2L 319
2310000,3180,2,1,1,yes,no,no,no,no,0,no,unfurnished,1754 Macleod Tr SE,T2L 095
2275000,1836,2,1,1,no,no,yes,no,no,0,no,semi-furnished,1864 Elbow Dr SW,T2G 999
2275000,3970,1,1,1,no,no,no,no,no,0,no,unfurnished,1161 Macleod Tr SE,T3E 701
2275000,3970,3,1,2,yes,no,yes,no,no,0,no,unfurnished,1284 Northmount Dr NW,T2E 925
2240000,1950,3,1,1,no,no,no,yes,no,0,no,unfurnished,1436 Crowchild Tr SW,T3E 063
2233000,5300,3,1,1,no,no,no,no,yes,0,yes,unfurnished,1923 Elbow Dr SW,T2L 966
2135000,3000,2,1,1,no,no,no,no,no,0,no,unfurnished,1376 Northmount Dr NW,T2S 765
2100000,2400,3,1,2,yes,no,no,no,no,0,no,unfurnished,1939 Elbow Dr SW,T2E 331
2100000,3000,4,1,2,yes,no,no,no,no,0,no,unfurnished,1178 Crowchild Tr SW,T2E 495
2100000,3360,2,1,1,yes,no,no,no,no,1,no,unfurnished,1288 Crowchild Tr SW,T3E 321
1960000,3420,5,1,2,no,no,no,no,no,0,no,unfurnished,1498 Macleod Tr SE,T2G 714
1890000,1700,3,1,2,yes,no,no,no,no,0,no,unfurnished,1868 Macleod Tr SE,T2G 980
1890000,3649,2,1,1,yes,no,no,no,no,0,no,unfurnished,1358 Macleod Tr SE,T2E 823
1855000,2990,2,1,1,no,no,no,no,no,1,no,unfurnished,1373 Macleod Tr SE,T2G 102
1820000,3000,2,1,1,yes,no,yes,no,no,2,no,unfurnished,1418 Centre St N,T3E 623
1767150,2400,3,1,1,no,no,no,no,no,0,no,semi-furnished,1057 Centre St N,T2S 778
1750000,3620,2,1,1,yes,no,no,no,no,0,no,unfurnished,1017 Northmount Dr NW,T3E 425
1750000,2910,3,1,1,no,no,no,no,no,0,no,furnished,1897 Elbow Dr SW,T2L 026
1750000,3850,3,1,2,yes,no,no,no,no,0,no,unfurnished,1282 Macleod Tr SE,T2L 144
